"SITE","TREAT","PLOT","TAB","veg_weight_gm2","Type","Carbon_m2"
"DALTON",0,"10_0",9609.39256554789,16,"Overstory",9591.52733952272
"DALTON",0,"10_0",9609.39256554789,16,"Understory",1.78728492414571
"DALTON",0,"10_0",9609.39256554789,16,"CWD",0.07794110103
"DALTON",0,"10_0",9609.39256554789,16,"Soil",352.426061528803
"DALTON",0,"10_0",9609.39256554789,16,"totalC",9961.8186270767
"DALTON",0,"11_0",7109.50107889566,16,"Overstory",6893.14175566054
"DALTON",0,"11_0",7109.50107889566,16,"Understory",199.873753756316
"DALTON",0,"11_0",7109.50107889566,16,"CWD",0.4855694788
"DALTON",0,"11_0",7109.50107889566,16,"Soil",251.125669761911
"DALTON",0,"11_0",7109.50107889566,16,"totalC",7360.62674865757
"DALTON",0,"44_0",9883.50963928422,16,"Overstory",9814.82059801194
"DALTON",0,"44_0",9883.50963928422,16,"Understory",51.9297005040849
"DALTON",0,"44_0",9883.50963928422,16,"CWD",0.7593407682
"DALTON",0,"44_0",9883.50963928422,16,"Soil",1047.6595777415
"DALTON",0,"44_0",9883.50963928422,16,"totalC",10931.1692170257
"DALTON",0,"58_0",11561.2134284011,16,"Overstory",11489.5006107708
"DALTON",0,"58_0",11561.2134284011,16,"Understory",55.2933291996873
"DALTON",0,"58_0",11561.2134284011,16,"CWD",0.4194884306
"DALTON",0,"58_0",11561.2134284011,16,"Soil",247.588307456344
"DALTON",0,"58_0",11561.2134284011,16,"totalC",11808.8017358574
"DALTON",1,"12_1",618.830857643887,52,"Overstory",49.3101966952681
"DALTON",1,"12_1",618.830857643887,52,"Understory",517.029979493719
"DALTON",1,"12_1",618.830857643887,52,"CWD",0.4906814549
"DALTON",1,"12_1",618.830857643887,52,"Soil",119.726320368039
"DALTON",1,"12_1",618.830857643887,52,"totalC",738.557178011927
"DALTON",1,"12_1",611.830857643887,45,"Overstory",49.3101966952681
"DALTON",1,"12_1",611.830857643887,45,"Understory",517.029979493719
"DALTON",1,"12_1",611.830857643887,45,"CWD",0.4906814549
"DALTON",1,"12_1",611.830857643887,45,"Soil",119.726320368039
"DALTON",1,"12_1",611.830857643887,45,"totalC",731.557178011927
"DALTON",1,"12_1",650.330857643887,83.5,"Overstory",49.3101966952681
"DALTON",1,"12_1",650.330857643887,83.5,"Understory",517.029979493719
"DALTON",1,"12_1",650.330857643887,83.5,"CWD",0.4906814549
"DALTON",1,"12_1",650.330857643887,83.5,"Soil",119.726320368039
"DALTON",1,"12_1",650.330857643887,83.5,"totalC",770.057178011927
"DALTON",1,"12_1",645.830857643887,79,"Overstory",49.3101966952681
"DALTON",1,"12_1",645.830857643887,79,"Understory",517.029979493719
"DALTON",1,"12_1",645.830857643887,79,"CWD",0.4906814549
"DALTON",1,"12_1",645.830857643887,79,"Soil",119.726320368039
"DALTON",1,"12_1",645.830857643887,79,"totalC",765.557178011927
"DALTON",1,"41_1",957.76985073165,52,"Overstory",782.03957908526
"DALTON",1,"41_1",957.76985073165,52,"Understory",123.21909763799
"DALTON",1,"41_1",957.76985073165,52,"CWD",0.5111740084
"DALTON",1,"41_1",957.76985073165,52,"Soil",232.810303462306
"DALTON",1,"41_1",957.76985073165,52,"totalC",1190.58015419396
"DALTON",1,"41_1",950.76985073165,45,"Overstory",782.03957908526
"DALTON",1,"41_1",950.76985073165,45,"Understory",123.21909763799
"DALTON",1,"41_1",950.76985073165,45,"CWD",0.5111740084
"DALTON",1,"41_1",950.76985073165,45,"Soil",232.810303462306
"DALTON",1,"41_1",950.76985073165,45,"totalC",1183.58015419396
"DALTON",1,"41_1",989.26985073165,83.5,"Overstory",782.03957908526
"DALTON",1,"41_1",989.26985073165,83.5,"Understory",123.21909763799
"DALTON",1,"41_1",989.26985073165,83.5,"CWD",0.5111740084
"DALTON",1,"41_1",989.26985073165,83.5,"Soil",232.810303462306
"DALTON",1,"41_1",989.26985073165,83.5,"totalC",1222.08015419396
"DALTON",1,"41_1",984.76985073165,79,"Overstory",782.03957908526
"DALTON",1,"41_1",984.76985073165,79,"Understory",123.21909763799
"DALTON",1,"41_1",984.76985073165,79,"CWD",0.5111740084
"DALTON",1,"41_1",984.76985073165,79,"Soil",232.810303462306
"DALTON",1,"41_1",984.76985073165,79,"totalC",1217.58015419396
"DALTON",1,"42_1",2181.80952351298,52,"Overstory",1866.30744919492
"DALTON",1,"42_1",2181.80952351298,52,"Understory",263.079326087159
"DALTON",1,"42_1",2181.80952351298,52,"CWD",0.4227482309
"DALTON",1,"42_1",2181.80952351298,52,"Soil",787.829258981524
"DALTON",1,"42_1",2181.80952351298,52,"totalC",2969.6387824945
"DALTON",1,"42_1",2174.80952351298,45,"Overstory",1866.30744919492
"DALTON",1,"42_1",2174.80952351298,45,"Understory",263.079326087159
"DALTON",1,"42_1",2174.80952351298,45,"CWD",0.4227482309
"DALTON",1,"42_1",2174.80952351298,45,"Soil",787.829258981524
"DALTON",1,"42_1",2174.80952351298,45,"totalC",2962.6387824945
"DALTON",1,"42_1",2213.30952351298,83.5,"Overstory",1866.30744919492
"DALTON",1,"42_1",2213.30952351298,83.5,"Understory",263.079326087159
"DALTON",1,"42_1",2213.30952351298,83.5,"CWD",0.4227482309
"DALTON",1,"42_1",2213.30952351298,83.5,"Soil",787.829258981524
"DALTON",1,"42_1",2213.30952351298,83.5,"totalC",3001.1387824945
"DALTON",1,"42_1",2208.80952351298,79,"Overstory",1866.30744919492
"DALTON",1,"42_1",2208.80952351298,79,"Understory",263.079326087159
"DALTON",1,"42_1",2208.80952351298,79,"CWD",0.4227482309
"DALTON",1,"42_1",2208.80952351298,79,"Soil",787.829258981524
"DALTON",1,"42_1",2208.80952351298,79,"totalC",2996.6387824945
"DALTON",1,"48_1",3239.82389969126,52,"Overstory",2591.42738897713
"DALTON",1,"48_1",3239.82389969126,52,"Understory",595.92546153273
"DALTON",1,"48_1",3239.82389969126,52,"CWD",0.4710491814
"DALTON",1,"48_1",3239.82389969126,52,"Soil",299.475721378665
"DALTON",1,"48_1",3239.82389969126,52,"totalC",3539.29962106992
"DALTON",1,"48_1",3232.82389969126,45,"Overstory",2591.42738897713
"DALTON",1,"48_1",3232.82389969126,45,"Understory",595.92546153273
"DALTON",1,"48_1",3232.82389969126,45,"CWD",0.4710491814
"DALTON",1,"48_1",3232.82389969126,45,"Soil",299.475721378665
"DALTON",1,"48_1",3232.82389969126,45,"totalC",3532.29962106992
"DALTON",1,"48_1",3271.32389969126,83.5,"Overstory",2591.42738897713
"DALTON",1,"48_1",3271.32389969126,83.5,"Understory",595.92546153273
"DALTON",1,"48_1",3271.32389969126,83.5,"CWD",0.4710491814
"DALTON",1,"48_1",3271.32389969126,83.5,"Soil",299.475721378665
"DALTON",1,"48_1",3271.32389969126,83.5,"totalC",3570.79962106992
"DALTON",1,"48_1",3266.82389969126,79,"Overstory",2591.42738897713
"DALTON",1,"48_1",3266.82389969126,79,"Understory",595.92546153273
"DALTON",1,"48_1",3266.82389969126,79,"CWD",0.4710491814
"DALTON",1,"48_1",3266.82389969126,79,"Soil",299.475721378665
"DALTON",1,"48_1",3266.82389969126,79,"totalC",3566.29962106992
"DALTON",1,"50_1",248.896578139496,52,"Overstory",74.2282340228578
"DALTON",1,"50_1",248.896578139496,52,"Understory",122.444383458338
"DALTON",1,"50_1",248.896578139496,52,"CWD",0.2239606583
"DALTON",1,"50_1",248.896578139496,52,"Soil",144.157311211005
"DALTON",1,"50_1",248.896578139496,52,"totalC",393.053889350501
"DALTON",1,"50_1",241.896578139496,45,"Overstory",74.2282340228578
"DALTON",1,"50_1",241.896578139496,45,"Understory",122.444383458338
"DALTON",1,"50_1",241.896578139496,45,"CWD",0.2239606583
"DALTON",1,"50_1",241.896578139496,45,"Soil",144.157311211005
"DALTON",1,"50_1",241.896578139496,45,"totalC",386.053889350501
"DALTON",1,"50_1",280.396578139496,83.5,"Overstory",74.2282340228578
"DALTON",1,"50_1",280.396578139496,83.5,"Understory",122.444383458338
"DALTON",1,"50_1",280.396578139496,83.5,"CWD",0.2239606583
"DALTON",1,"50_1",280.396578139496,83.5,"Soil",144.157311211005
"DALTON",1,"50_1",280.396578139496,83.5,"totalC",424.553889350501
"DALTON",1,"50_1",275.896578139496,79,"Overstory",74.2282340228578
"DALTON",1,"50_1",275.896578139496,79,"Understory",122.444383458338
"DALTON",1,"50_1",275.896578139496,79,"CWD",0.2239606583
"DALTON",1,"50_1",275.896578139496,79,"Soil",144.157311211005
"DALTON",1,"50_1",275.896578139496,79,"totalC",420.053889350501
"DALTON",1,"52_1",1938.83786461481,52,"Overstory",1861.36484762533
"DALTON",1,"52_1",1938.83786461481,52,"Understory",25.0681488409844
"DALTON",1,"52_1",1938.83786461481,52,"CWD",0.4048681485
"DALTON",1,"52_1",1938.83786461481,52,"Soil",117.480959456347
"DALTON",1,"52_1",1938.83786461481,52,"totalC",2056.31882407116
"DALTON",1,"52_1",1931.83786461481,45,"Overstory",1861.36484762533
"DALTON",1,"52_1",1931.83786461481,45,"Understory",25.0681488409844
"DALTON",1,"52_1",1931.83786461481,45,"CWD",0.4048681485
"DALTON",1,"52_1",1931.83786461481,45,"Soil",117.480959456347
"DALTON",1,"52_1",1931.83786461481,45,"totalC",2049.31882407116
"DALTON",1,"52_1",1970.33786461481,83.5,"Overstory",1861.36484762533
"DALTON",1,"52_1",1970.33786461481,83.5,"Understory",25.0681488409844
"DALTON",1,"52_1",1970.33786461481,83.5,"CWD",0.4048681485
"DALTON",1,"52_1",1970.33786461481,83.5,"Soil",117.480959456347
"DALTON",1,"52_1",1970.33786461481,83.5,"totalC",2087.81882407116
"DALTON",1,"52_1",1965.83786461481,79,"Overstory",1861.36484762533
"DALTON",1,"52_1",1965.83786461481,79,"Understory",25.0681488409844
"DALTON",1,"52_1",1965.83786461481,79,"CWD",0.4048681485
"DALTON",1,"52_1",1965.83786461481,79,"Soil",117.480959456347
"DALTON",1,"52_1",1965.83786461481,79,"totalC",2083.31882407116
"DALTON",1,"64_1",2093.60375838257,52,"Overstory",1325.35462407805
"DALTON",1,"64_1",2093.60375838257,52,"Understory",715.455026813724
"DALTON",1,"64_1",2093.60375838257,52,"CWD",0.7941074908
"DALTON",1,"64_1",2093.60375838257,52,"Soil",155.197313234685
"DALTON",1,"64_1",2093.60375838257,52,"totalC",2248.80107161726
"DALTON",1,"64_1",2086.60375838257,45,"Overstory",1325.35462407805
"DALTON",1,"64_1",2086.60375838257,45,"Understory",715.455026813724
"DALTON",1,"64_1",2086.60375838257,45,"CWD",0.7941074908
"DALTON",1,"64_1",2086.60375838257,45,"Soil",155.197313234685
"DALTON",1,"64_1",2086.60375838257,45,"totalC",2241.80107161726
"DALTON",1,"64_1",2125.10375838257,83.5,"Overstory",1325.35462407805
"DALTON",1,"64_1",2125.10375838257,83.5,"Understory",715.455026813724
"DALTON",1,"64_1",2125.10375838257,83.5,"CWD",0.7941074908
"DALTON",1,"64_1",2125.10375838257,83.5,"Soil",155.197313234685
"DALTON",1,"64_1",2125.10375838257,83.5,"totalC",2280.30107161726
"DALTON",1,"64_1",2120.60375838257,79,"Overstory",1325.35462407805
"DALTON",1,"64_1",2120.60375838257,79,"Understory",715.455026813724
"DALTON",1,"64_1",2120.60375838257,79,"CWD",0.7941074908
"DALTON",1,"64_1",2120.60375838257,79,"Soil",155.197313234685
"DALTON",1,"64_1",2120.60375838257,79,"totalC",2275.80107161726
"DALTON",1,"65_1",2218.5414651692,52,"Overstory",1713.77194334357
"DALTON",1,"65_1",2218.5414651692,52,"Understory",451.839961754034
"DALTON",1,"65_1",2218.5414651692,52,"CWD",0.9295600716
"DALTON",1,"65_1",2218.5414651692,52,"Soil",140.847806972255
"DALTON",1,"65_1",2218.5414651692,52,"totalC",2359.38927214146
"DALTON",1,"65_1",2211.5414651692,45,"Overstory",1713.77194334357
"DALTON",1,"65_1",2211.5414651692,45,"Understory",451.839961754034
"DALTON",1,"65_1",2211.5414651692,45,"CWD",0.9295600716
"DALTON",1,"65_1",2211.5414651692,45,"Soil",140.847806972255
"DALTON",1,"65_1",2211.5414651692,45,"totalC",2352.38927214146
"DALTON",1,"65_1",2250.0414651692,83.5,"Overstory",1713.77194334357
"DALTON",1,"65_1",2250.0414651692,83.5,"Understory",451.839961754034
"DALTON",1,"65_1",2250.0414651692,83.5,"CWD",0.9295600716
"DALTON",1,"65_1",2250.0414651692,83.5,"Soil",140.847806972255
"DALTON",1,"65_1",2250.0414651692,83.5,"totalC",2390.88927214146
"DALTON",1,"65_1",2245.5414651692,79,"Overstory",1713.77194334357
"DALTON",1,"65_1",2245.5414651692,79,"Understory",451.839961754034
"DALTON",1,"65_1",2245.5414651692,79,"CWD",0.9295600716
"DALTON",1,"65_1",2245.5414651692,79,"Soil",140.847806972255
"DALTON",1,"65_1",2245.5414651692,79,"totalC",2386.38927214146
"DALTON",2,"16_2",935.702527728373,49.3333333333333,"Overstory",483.557814379757
"DALTON",2,"16_2",935.702527728373,49.3333333333333,"Understory",401.866969585283
"DALTON",2,"16_2",935.702527728373,49.3333333333333,"CWD",0.94441043
"DALTON",2,"16_2",935.702527728373,49.3333333333333,"Soil",213.392148687808
"DALTON",2,"16_2",935.702527728373,49.3333333333333,"totalC",1149.09467641618
"DALTON",2,"16_2",998.36919439504,112,"Overstory",483.557814379757
"DALTON",2,"16_2",998.36919439504,112,"Understory",401.866969585283
"DALTON",2,"16_2",998.36919439504,112,"CWD",0.94441043
"DALTON",2,"16_2",998.36919439504,112,"Soil",213.392148687808
"DALTON",2,"16_2",998.36919439504,112,"totalC",1211.76134308285
"DALTON",2,"16_2",907.36919439504,21,"Overstory",483.557814379757
"DALTON",2,"16_2",907.36919439504,21,"Understory",401.866969585283
"DALTON",2,"16_2",907.36919439504,21,"CWD",0.94441043
"DALTON",2,"16_2",907.36919439504,21,"Soil",213.392148687808
"DALTON",2,"16_2",907.36919439504,21,"totalC",1120.76134308285
"DALTON",2,"16_2",916.36919439504,30,"Overstory",483.557814379757
"DALTON",2,"16_2",916.36919439504,30,"Understory",401.866969585283
"DALTON",2,"16_2",916.36919439504,30,"CWD",0.94441043
"DALTON",2,"16_2",916.36919439504,30,"Soil",213.392148687808
"DALTON",2,"16_2",916.36919439504,30,"totalC",1129.76134308285
"DALTON",2,"16_2",902.36919439504,16,"Overstory",483.557814379757
"DALTON",2,"16_2",902.36919439504,16,"Understory",401.866969585283
"DALTON",2,"16_2",902.36919439504,16,"CWD",0.94441043
"DALTON",2,"16_2",902.36919439504,16,"Soil",213.392148687808
"DALTON",2,"16_2",902.36919439504,16,"totalC",1115.76134308285
"DALTON",2,"32_2",1779.60112709816,49.3333333333333,"Overstory",1394.60355379155
"DALTON",2,"32_2",1779.60112709816,49.3333333333333,"Understory",335.379030688081
"DALTON",2,"32_2",1779.60112709816,49.3333333333333,"CWD",0.2852092852
"DALTON",2,"32_2",1779.60112709816,49.3333333333333,"Soil",49.0641672824773
"DALTON",2,"32_2",1779.60112709816,49.3333333333333,"totalC",1828.66529438064
"DALTON",2,"32_2",1842.26779376483,112,"Overstory",1394.60355379155
"DALTON",2,"32_2",1842.26779376483,112,"Understory",335.379030688081
"DALTON",2,"32_2",1842.26779376483,112,"CWD",0.2852092852
"DALTON",2,"32_2",1842.26779376483,112,"Soil",49.0641672824773
"DALTON",2,"32_2",1842.26779376483,112,"totalC",1891.33196104731
"DALTON",2,"32_2",1751.26779376483,21,"Overstory",1394.60355379155
"DALTON",2,"32_2",1751.26779376483,21,"Understory",335.379030688081
"DALTON",2,"32_2",1751.26779376483,21,"CWD",0.2852092852
"DALTON",2,"32_2",1751.26779376483,21,"Soil",49.0641672824773
"DALTON",2,"32_2",1751.26779376483,21,"totalC",1800.33196104731
"DALTON",2,"32_2",1760.26779376483,30,"Overstory",1394.60355379155
"DALTON",2,"32_2",1760.26779376483,30,"Understory",335.379030688081
"DALTON",2,"32_2",1760.26779376483,30,"CWD",0.2852092852
"DALTON",2,"32_2",1760.26779376483,30,"Soil",49.0641672824773
"DALTON",2,"32_2",1760.26779376483,30,"totalC",1809.33196104731
"DALTON",2,"32_2",1746.26779376483,16,"Overstory",1394.60355379155
"DALTON",2,"32_2",1746.26779376483,16,"Understory",335.379030688081
"DALTON",2,"32_2",1746.26779376483,16,"CWD",0.2852092852
"DALTON",2,"32_2",1746.26779376483,16,"Soil",49.0641672824773
"DALTON",2,"32_2",1746.26779376483,16,"totalC",1795.33196104731
"DALTON",2,"39_2",307.308342526526,49.3333333333333,"Overstory",243.202151863146
"DALTON",2,"39_2",307.308342526526,49.3333333333333,"Understory",14.5757992159469
"DALTON",2,"39_2",307.308342526526,49.3333333333333,"CWD",0.1970581141
"DALTON",2,"39_2",307.308342526526,49.3333333333333,"Soil",503.080414553988
"DALTON",2,"39_2",307.308342526526,49.3333333333333,"totalC",810.388757080514
"DALTON",2,"39_2",369.975009193193,112,"Overstory",243.202151863146
"DALTON",2,"39_2",369.975009193193,112,"Understory",14.5757992159469
"DALTON",2,"39_2",369.975009193193,112,"CWD",0.1970581141
"DALTON",2,"39_2",369.975009193193,112,"Soil",503.080414553988
"DALTON",2,"39_2",369.975009193193,112,"totalC",873.055423747181
"DALTON",2,"39_2",278.975009193193,21,"Overstory",243.202151863146
"DALTON",2,"39_2",278.975009193193,21,"Understory",14.5757992159469
"DALTON",2,"39_2",278.975009193193,21,"CWD",0.1970581141
"DALTON",2,"39_2",278.975009193193,21,"Soil",503.080414553988
"DALTON",2,"39_2",278.975009193193,21,"totalC",782.055423747181
"DALTON",2,"39_2",287.975009193193,30,"Overstory",243.202151863146
"DALTON",2,"39_2",287.975009193193,30,"Understory",14.5757992159469
"DALTON",2,"39_2",287.975009193193,30,"CWD",0.1970581141
"DALTON",2,"39_2",287.975009193193,30,"Soil",503.080414553988
"DALTON",2,"39_2",287.975009193193,30,"totalC",791.055423747181
"DALTON",2,"39_2",273.975009193193,16,"Overstory",243.202151863146
"DALTON",2,"39_2",273.975009193193,16,"Understory",14.5757992159469
"DALTON",2,"39_2",273.975009193193,16,"CWD",0.1970581141
"DALTON",2,"39_2",273.975009193193,16,"Soil",503.080414553988
"DALTON",2,"39_2",273.975009193193,16,"totalC",777.055423747181
"DALTON",2,"40_2",1305.76615793303,49.3333333333333,"Overstory",1248.59650825905
"DALTON",2,"40_2",1305.76615793303,49.3333333333333,"Understory",7.4345983140493
"DALTON",2,"40_2",1305.76615793303,49.3333333333333,"CWD",0.4017180266
"DALTON",2,"40_2",1305.76615793303,49.3333333333333,"Soil",284.047119762971
"DALTON",2,"40_2",1305.76615793303,49.3333333333333,"totalC",1589.813277696
"DALTON",2,"40_2",1368.4328245997,112,"Overstory",1248.59650825905
"DALTON",2,"40_2",1368.4328245997,112,"Understory",7.4345983140493
"DALTON",2,"40_2",1368.4328245997,112,"CWD",0.4017180266
"DALTON",2,"40_2",1368.4328245997,112,"Soil",284.047119762971
"DALTON",2,"40_2",1368.4328245997,112,"totalC",1652.47994436267
"DALTON",2,"40_2",1277.4328245997,21,"Overstory",1248.59650825905
"DALTON",2,"40_2",1277.4328245997,21,"Understory",7.4345983140493
"DALTON",2,"40_2",1277.4328245997,21,"CWD",0.4017180266
"DALTON",2,"40_2",1277.4328245997,21,"Soil",284.047119762971
"DALTON",2,"40_2",1277.4328245997,21,"totalC",1561.47994436267
"DALTON",2,"40_2",1286.4328245997,30,"Overstory",1248.59650825905
"DALTON",2,"40_2",1286.4328245997,30,"Understory",7.4345983140493
"DALTON",2,"40_2",1286.4328245997,30,"CWD",0.4017180266
"DALTON",2,"40_2",1286.4328245997,30,"Soil",284.047119762971
"DALTON",2,"40_2",1286.4328245997,30,"totalC",1570.47994436267
"DALTON",2,"40_2",1272.4328245997,16,"Overstory",1248.59650825905
"DALTON",2,"40_2",1272.4328245997,16,"Understory",7.4345983140493
"DALTON",2,"40_2",1272.4328245997,16,"CWD",0.4017180266
"DALTON",2,"40_2",1272.4328245997,16,"Soil",284.047119762971
"DALTON",2,"40_2",1272.4328245997,16,"totalC",1556.47994436267
"DALTON",2,"47_2",817.305243393699,49.3333333333333,"Overstory",461.873180812436
"DALTON",2,"47_2",817.305243393699,49.3333333333333,"Understory",306
"DALTON",2,"47_2",817.305243393699,49.3333333333333,"CWD",0.09872924793
"DALTON",2,"47_2",817.305243393699,49.3333333333333,"Soil",212.603450376684
"DALTON",2,"47_2",817.305243393699,49.3333333333333,"totalC",1029.90869377038
"DALTON",2,"47_2",879.971910060366,112,"Overstory",461.873180812436
"DALTON",2,"47_2",879.971910060366,112,"Understory",306
"DALTON",2,"47_2",879.971910060366,112,"CWD",0.09872924793
"DALTON",2,"47_2",879.971910060366,112,"Soil",212.603450376684
"DALTON",2,"47_2",879.971910060366,112,"totalC",1092.57536043705
"DALTON",2,"47_2",788.971910060366,21,"Overstory",461.873180812436
"DALTON",2,"47_2",788.971910060366,21,"Understory",306
"DALTON",2,"47_2",788.971910060366,21,"CWD",0.09872924793
"DALTON",2,"47_2",788.971910060366,21,"Soil",212.603450376684
"DALTON",2,"47_2",788.971910060366,21,"totalC",1001.57536043705
"DALTON",2,"47_2",797.971910060366,30,"Overstory",461.873180812436
"DALTON",2,"47_2",797.971910060366,30,"Understory",306
"DALTON",2,"47_2",797.971910060366,30,"CWD",0.09872924793
"DALTON",2,"47_2",797.971910060366,30,"Soil",212.603450376684
"DALTON",2,"47_2",797.971910060366,30,"totalC",1010.57536043705
"DALTON",2,"47_2",783.971910060366,16,"Overstory",461.873180812436
"DALTON",2,"47_2",783.971910060366,16,"Understory",306
"DALTON",2,"47_2",783.971910060366,16,"CWD",0.09872924793
"DALTON",2,"47_2",783.971910060366,16,"Soil",212.603450376684
"DALTON",2,"47_2",783.971910060366,16,"totalC",996.57536043705
"DALTON",2,"56_2",932.659026104491,49.3333333333333,"Overstory",374.953291587511
"DALTON",2,"56_2",932.659026104491,49.3333333333333,"Understory",508.258969666547
"DALTON",2,"56_2",932.659026104491,49.3333333333333,"CWD",0.1134315171
"DALTON",2,"56_2",932.659026104491,49.3333333333333,"Soil",106.502863869619
"DALTON",2,"56_2",932.659026104491,49.3333333333333,"totalC",1039.16188997411
"DALTON",2,"56_2",995.325692771158,112,"Overstory",374.953291587511
"DALTON",2,"56_2",995.325692771158,112,"Understory",508.258969666547
"DALTON",2,"56_2",995.325692771158,112,"CWD",0.1134315171
"DALTON",2,"56_2",995.325692771158,112,"Soil",106.502863869619
"DALTON",2,"56_2",995.325692771158,112,"totalC",1101.82855664078
"DALTON",2,"56_2",904.325692771158,21,"Overstory",374.953291587511
"DALTON",2,"56_2",904.325692771158,21,"Understory",508.258969666547
"DALTON",2,"56_2",904.325692771158,21,"CWD",0.1134315171
"DALTON",2,"56_2",904.325692771158,21,"Soil",106.502863869619
"DALTON",2,"56_2",904.325692771158,21,"totalC",1010.82855664078
"DALTON",2,"56_2",913.325692771158,30,"Overstory",374.953291587511
"DALTON",2,"56_2",913.325692771158,30,"Understory",508.258969666547
"DALTON",2,"56_2",913.325692771158,30,"CWD",0.1134315171
"DALTON",2,"56_2",913.325692771158,30,"Soil",106.502863869619
"DALTON",2,"56_2",913.325692771158,30,"totalC",1019.82855664078
"DALTON",2,"56_2",899.325692771158,16,"Overstory",374.953291587511
"DALTON",2,"56_2",899.325692771158,16,"Understory",508.258969666547
"DALTON",2,"56_2",899.325692771158,16,"CWD",0.1134315171
"DALTON",2,"56_2",899.325692771158,16,"Soil",106.502863869619
"DALTON",2,"56_2",899.325692771158,16,"totalC",1005.82855664078
"DALTON",2,"57_2",1662.47679896791,49.3333333333333,"Overstory",1017.70019774267
"DALTON",2,"57_2",1662.47679896791,49.3333333333333,"Understory",595.260532234902
"DALTON",2,"57_2",1662.47679896791,49.3333333333333,"CWD",0.182735657
"DALTON",2,"57_2",1662.47679896791,49.3333333333333,"Soil",49.9520500952777
"DALTON",2,"57_2",1662.47679896791,49.3333333333333,"totalC",1712.42884906318
"DALTON",2,"57_2",1725.14346563457,112,"Overstory",1017.70019774267
"DALTON",2,"57_2",1725.14346563457,112,"Understory",595.260532234902
"DALTON",2,"57_2",1725.14346563457,112,"CWD",0.182735657
"DALTON",2,"57_2",1725.14346563457,112,"Soil",49.9520500952777
"DALTON",2,"57_2",1725.14346563457,112,"totalC",1775.09551572985
"DALTON",2,"57_2",1634.14346563457,21,"Overstory",1017.70019774267
"DALTON",2,"57_2",1634.14346563457,21,"Understory",595.260532234902
"DALTON",2,"57_2",1634.14346563457,21,"CWD",0.182735657
"DALTON",2,"57_2",1634.14346563457,21,"Soil",49.9520500952777
"DALTON",2,"57_2",1634.14346563457,21,"totalC",1684.09551572985
"DALTON",2,"57_2",1643.14346563457,30,"Overstory",1017.70019774267
"DALTON",2,"57_2",1643.14346563457,30,"Understory",595.260532234902
"DALTON",2,"57_2",1643.14346563457,30,"CWD",0.182735657
"DALTON",2,"57_2",1643.14346563457,30,"Soil",49.9520500952777
"DALTON",2,"57_2",1643.14346563457,30,"totalC",1693.09551572985
"DALTON",2,"57_2",1629.14346563457,16,"Overstory",1017.70019774267
"DALTON",2,"57_2",1629.14346563457,16,"Understory",595.260532234902
"DALTON",2,"57_2",1629.14346563457,16,"CWD",0.182735657
"DALTON",2,"57_2",1629.14346563457,16,"Soil",49.9520500952777
"DALTON",2,"57_2",1629.14346563457,16,"totalC",1679.09551572985
"DALTON",2,"8_2",1603.35827247887,49.3333333333333,"Overstory",1273.09770248219
"DALTON",2,"8_2",1603.35827247887,49.3333333333333,"Understory",280.810750169751
"DALTON",2,"8_2",1603.35827247887,49.3333333333333,"CWD",0.1164864936
"DALTON",2,"8_2",1603.35827247887,49.3333333333333,"Soil",334.73301163015
"DALTON",2,"8_2",1603.35827247887,49.3333333333333,"totalC",1938.09128410902
"DALTON",2,"8_2",1666.02493914554,112,"Overstory",1273.09770248219
"DALTON",2,"8_2",1666.02493914554,112,"Understory",280.810750169751
"DALTON",2,"8_2",1666.02493914554,112,"CWD",0.1164864936
"DALTON",2,"8_2",1666.02493914554,112,"Soil",334.73301163015
"DALTON",2,"8_2",1666.02493914554,112,"totalC",2000.75795077569
"DALTON",2,"8_2",1575.02493914554,21,"Overstory",1273.09770248219
"DALTON",2,"8_2",1575.02493914554,21,"Understory",280.810750169751
"DALTON",2,"8_2",1575.02493914554,21,"CWD",0.1164864936
"DALTON",2,"8_2",1575.02493914554,21,"Soil",334.73301163015
"DALTON",2,"8_2",1575.02493914554,21,"totalC",1909.75795077569
"DALTON",2,"8_2",1584.02493914554,30,"Overstory",1273.09770248219
"DALTON",2,"8_2",1584.02493914554,30,"Understory",280.810750169751
"DALTON",2,"8_2",1584.02493914554,30,"CWD",0.1164864936
"DALTON",2,"8_2",1584.02493914554,30,"Soil",334.73301163015
"DALTON",2,"8_2",1584.02493914554,30,"totalC",1918.75795077569
"DALTON",2,"8_2",1570.02493914554,16,"Overstory",1273.09770248219
"DALTON",2,"8_2",1570.02493914554,16,"Understory",280.810750169751
"DALTON",2,"8_2",1570.02493914554,16,"CWD",0.1164864936
"DALTON",2,"8_2",1570.02493914554,16,"Soil",334.73301163015
"DALTON",2,"8_2",1570.02493914554,16,"totalC",1904.75795077569
"DALTON",3,"14_3",436.356079010557,31.3333333333333,"Overstory",218.619514422102
"DALTON",3,"14_3",436.356079010557,31.3333333333333,"Understory",185.919081027522
"DALTON",3,"14_3",436.356079010557,31.3333333333333,"CWD",0.4841502276
"DALTON",3,"14_3",436.356079010557,31.3333333333333,"Soil",168.100564619738
"DALTON",3,"14_3",436.356079010557,31.3333333333333,"totalC",604.456643630295
"DALTON",3,"14_3",472.022745677224,67,"Overstory",218.619514422102
"DALTON",3,"14_3",472.022745677224,67,"Understory",185.919081027522
"DALTON",3,"14_3",472.022745677224,67,"CWD",0.4841502276
"DALTON",3,"14_3",472.022745677224,67,"Soil",168.100564619738
"DALTON",3,"14_3",472.022745677224,67,"totalC",640.123310296962
"DALTON",3,"14_3",408.022745677224,3,"Overstory",218.619514422102
"DALTON",3,"14_3",408.022745677224,3,"Understory",185.919081027522
"DALTON",3,"14_3",408.022745677224,3,"CWD",0.4841502276
"DALTON",3,"14_3",408.022745677224,3,"Soil",168.100564619738
"DALTON",3,"14_3",408.022745677224,3,"totalC",576.123310296962
"DALTON",3,"14_3",421.022745677224,16,"Overstory",218.619514422102
"DALTON",3,"14_3",421.022745677224,16,"Understory",185.919081027522
"DALTON",3,"14_3",421.022745677224,16,"CWD",0.4841502276
"DALTON",3,"14_3",421.022745677224,16,"Soil",168.100564619738
"DALTON",3,"14_3",421.022745677224,16,"totalC",589.123310296962
"DALTON",3,"14_3",421.689412343891,16.6666666666667,"Overstory",218.619514422102
"DALTON",3,"14_3",421.689412343891,16.6666666666667,"Understory",185.919081027522
"DALTON",3,"14_3",421.689412343891,16.6666666666667,"CWD",0.4841502276
"DALTON",3,"14_3",421.689412343891,16.6666666666667,"Soil",168.100564619738
"DALTON",3,"14_3",421.689412343891,16.6666666666667,"totalC",589.789976963628
"DALTON",3,"14_3",421.022745677224,16,"Overstory",218.619514422102
"DALTON",3,"14_3",421.022745677224,16,"Understory",185.919081027522
"DALTON",3,"14_3",421.022745677224,16,"CWD",0.4841502276
"DALTON",3,"14_3",421.022745677224,16,"Soil",168.100564619738
"DALTON",3,"14_3",421.022745677224,16,"totalC",589.123310296962
"DALTON",3,"15_3",1572.07804286375,31.3333333333333,"Overstory",1084.83969883852
"DALTON",3,"15_3",1572.07804286375,31.3333333333333,"Understory",455.837104845089
"DALTON",3,"15_3",1572.07804286375,31.3333333333333,"CWD",0.06790584681
"DALTON",3,"15_3",1572.07804286375,31.3333333333333,"Soil",71.8064535169774
"DALTON",3,"15_3",1572.07804286375,31.3333333333333,"totalC",1643.88449638073
"DALTON",3,"15_3",1607.74470953042,67,"Overstory",1084.83969883852
"DALTON",3,"15_3",1607.74470953042,67,"Understory",455.837104845089
"DALTON",3,"15_3",1607.74470953042,67,"CWD",0.06790584681
"DALTON",3,"15_3",1607.74470953042,67,"Soil",71.8064535169774
"DALTON",3,"15_3",1607.74470953042,67,"totalC",1679.5511630474
"DALTON",3,"15_3",1543.74470953042,3,"Overstory",1084.83969883852
"DALTON",3,"15_3",1543.74470953042,3,"Understory",455.837104845089
"DALTON",3,"15_3",1543.74470953042,3,"CWD",0.06790584681
"DALTON",3,"15_3",1543.74470953042,3,"Soil",71.8064535169774
"DALTON",3,"15_3",1543.74470953042,3,"totalC",1615.5511630474
"DALTON",3,"15_3",1556.74470953042,16,"Overstory",1084.83969883852
"DALTON",3,"15_3",1556.74470953042,16,"Understory",455.837104845089
"DALTON",3,"15_3",1556.74470953042,16,"CWD",0.06790584681
"DALTON",3,"15_3",1556.74470953042,16,"Soil",71.8064535169774
"DALTON",3,"15_3",1556.74470953042,16,"totalC",1628.5511630474
"DALTON",3,"15_3",1557.41137619709,16.6666666666667,"Overstory",1084.83969883852
"DALTON",3,"15_3",1557.41137619709,16.6666666666667,"Understory",455.837104845089
"DALTON",3,"15_3",1557.41137619709,16.6666666666667,"CWD",0.06790584681
"DALTON",3,"15_3",1557.41137619709,16.6666666666667,"Soil",71.8064535169774
"DALTON",3,"15_3",1557.41137619709,16.6666666666667,"totalC",1629.21782971406
"DALTON",3,"15_3",1556.74470953042,16,"Overstory",1084.83969883852
"DALTON",3,"15_3",1556.74470953042,16,"Understory",455.837104845089
"DALTON",3,"15_3",1556.74470953042,16,"CWD",0.06790584681
"DALTON",3,"15_3",1556.74470953042,16,"Soil",71.8064535169774
"DALTON",3,"15_3",1556.74470953042,16,"totalC",1628.5511630474
"DALTON",3,"37_3",656.900027335558,31.3333333333333,"Overstory",605.135629390855
"DALTON",3,"37_3",656.900027335558,31.3333333333333,"Understory",20.1640856299696
"DALTON",3,"37_3",656.900027335558,31.3333333333333,"CWD",0.2669789814
"DALTON",3,"37_3",656.900027335558,31.3333333333333,"Soil",79.5618414696809
"DALTON",3,"37_3",656.900027335558,31.3333333333333,"totalC",736.461868805239
"DALTON",3,"37_3",692.566694002225,67,"Overstory",605.135629390855
"DALTON",3,"37_3",692.566694002225,67,"Understory",20.1640856299696
"DALTON",3,"37_3",692.566694002225,67,"CWD",0.2669789814
"DALTON",3,"37_3",692.566694002225,67,"Soil",79.5618414696809
"DALTON",3,"37_3",692.566694002225,67,"totalC",772.128535471906
"DALTON",3,"37_3",628.566694002225,3,"Overstory",605.135629390855
"DALTON",3,"37_3",628.566694002225,3,"Understory",20.1640856299696
"DALTON",3,"37_3",628.566694002225,3,"CWD",0.2669789814
"DALTON",3,"37_3",628.566694002225,3,"Soil",79.5618414696809
"DALTON",3,"37_3",628.566694002225,3,"totalC",708.128535471906
"DALTON",3,"37_3",641.566694002225,16,"Overstory",605.135629390855
"DALTON",3,"37_3",641.566694002225,16,"Understory",20.1640856299696
"DALTON",3,"37_3",641.566694002225,16,"CWD",0.2669789814
"DALTON",3,"37_3",641.566694002225,16,"Soil",79.5618414696809
"DALTON",3,"37_3",641.566694002225,16,"totalC",721.128535471906
"DALTON",3,"37_3",642.233360668891,16.6666666666667,"Overstory",605.135629390855
"DALTON",3,"37_3",642.233360668891,16.6666666666667,"Understory",20.1640856299696
"DALTON",3,"37_3",642.233360668891,16.6666666666667,"CWD",0.2669789814
"DALTON",3,"37_3",642.233360668891,16.6666666666667,"Soil",79.5618414696809
"DALTON",3,"37_3",642.233360668891,16.6666666666667,"totalC",721.795202138572
"DALTON",3,"37_3",641.566694002225,16,"Overstory",605.135629390855
"DALTON",3,"37_3",641.566694002225,16,"Understory",20.1640856299696
"DALTON",3,"37_3",641.566694002225,16,"CWD",0.2669789814
"DALTON",3,"37_3",641.566694002225,16,"Soil",79.5618414696809
"DALTON",3,"37_3",641.566694002225,16,"totalC",721.128535471906
"DALTON",3,"54_3",882.931698366295,31.3333333333333,"Overstory",793.973050422259
"DALTON",3,"54_3",882.931698366295,31.3333333333333,"Understory",57.3607230613022
"DALTON",3,"54_3",882.931698366295,31.3333333333333,"CWD",0.2645915494
"DALTON",3,"54_3",882.931698366295,31.3333333333333,"Soil",271.755171423905
"DALTON",3,"54_3",882.931698366295,31.3333333333333,"totalC",1154.6868697902
"DALTON",3,"54_3",918.598365032961,67,"Overstory",793.973050422259
"DALTON",3,"54_3",918.598365032961,67,"Understory",57.3607230613022
"DALTON",3,"54_3",918.598365032961,67,"CWD",0.2645915494
"DALTON",3,"54_3",918.598365032961,67,"Soil",271.755171423905
"DALTON",3,"54_3",918.598365032961,67,"totalC",1190.35353645687
"DALTON",3,"54_3",854.598365032961,3,"Overstory",793.973050422259
"DALTON",3,"54_3",854.598365032961,3,"Understory",57.3607230613022
"DALTON",3,"54_3",854.598365032961,3,"CWD",0.2645915494
"DALTON",3,"54_3",854.598365032961,3,"Soil",271.755171423905
"DALTON",3,"54_3",854.598365032961,3,"totalC",1126.35353645687
"DALTON",3,"54_3",867.598365032961,16,"Overstory",793.973050422259
"DALTON",3,"54_3",867.598365032961,16,"Understory",57.3607230613022
"DALTON",3,"54_3",867.598365032961,16,"CWD",0.2645915494
"DALTON",3,"54_3",867.598365032961,16,"Soil",271.755171423905
"DALTON",3,"54_3",867.598365032961,16,"totalC",1139.35353645687
"DALTON",3,"54_3",868.265031699628,16.6666666666667,"Overstory",793.973050422259
"DALTON",3,"54_3",868.265031699628,16.6666666666667,"Understory",57.3607230613022
"DALTON",3,"54_3",868.265031699628,16.6666666666667,"CWD",0.2645915494
"DALTON",3,"54_3",868.265031699628,16.6666666666667,"Soil",271.755171423905
"DALTON",3,"54_3",868.265031699628,16.6666666666667,"totalC",1140.02020312353
"DALTON",3,"54_3",867.598365032961,16,"Overstory",793.973050422259
"DALTON",3,"54_3",867.598365032961,16,"Understory",57.3607230613022
"DALTON",3,"54_3",867.598365032961,16,"CWD",0.2645915494
"DALTON",3,"54_3",867.598365032961,16,"Soil",271.755171423905
"DALTON",3,"54_3",867.598365032961,16,"totalC",1139.35353645687
"DALTON",3,"55_3",1246.52355494101,31.3333333333333,"Overstory",1082.21100040461
"DALTON",3,"55_3",1246.52355494101,31.3333333333333,"Understory",132.68853503897
"DALTON",3,"55_3",1246.52355494101,31.3333333333333,"CWD",0.2906861641
"DALTON",3,"55_3",1246.52355494101,31.3333333333333,"Soil",221.08613564639
"DALTON",3,"55_3",1246.52355494101,31.3333333333333,"totalC",1467.6096905874
"DALTON",3,"55_3",1282.19022160768,67,"Overstory",1082.21100040461
"DALTON",3,"55_3",1282.19022160768,67,"Understory",132.68853503897
"DALTON",3,"55_3",1282.19022160768,67,"CWD",0.2906861641
"DALTON",3,"55_3",1282.19022160768,67,"Soil",221.08613564639
"DALTON",3,"55_3",1282.19022160768,67,"totalC",1503.27635725407
"DALTON",3,"55_3",1218.19022160768,3,"Overstory",1082.21100040461
"DALTON",3,"55_3",1218.19022160768,3,"Understory",132.68853503897
"DALTON",3,"55_3",1218.19022160768,3,"CWD",0.2906861641
"DALTON",3,"55_3",1218.19022160768,3,"Soil",221.08613564639
"DALTON",3,"55_3",1218.19022160768,3,"totalC",1439.27635725407
"DALTON",3,"55_3",1231.19022160768,16,"Overstory",1082.21100040461
"DALTON",3,"55_3",1231.19022160768,16,"Understory",132.68853503897
"DALTON",3,"55_3",1231.19022160768,16,"CWD",0.2906861641
"DALTON",3,"55_3",1231.19022160768,16,"Soil",221.08613564639
"DALTON",3,"55_3",1231.19022160768,16,"totalC",1452.27635725407
"DALTON",3,"55_3",1231.85688827435,16.6666666666667,"Overstory",1082.21100040461
"DALTON",3,"55_3",1231.85688827435,16.6666666666667,"Understory",132.68853503897
"DALTON",3,"55_3",1231.85688827435,16.6666666666667,"CWD",0.2906861641
"DALTON",3,"55_3",1231.85688827435,16.6666666666667,"Soil",221.08613564639
"DALTON",3,"55_3",1231.85688827435,16.6666666666667,"totalC",1452.94302392074
"DALTON",3,"55_3",1231.19022160768,16,"Overstory",1082.21100040461
"DALTON",3,"55_3",1231.19022160768,16,"Understory",132.68853503897
"DALTON",3,"55_3",1231.19022160768,16,"CWD",0.2906861641
"DALTON",3,"55_3",1231.19022160768,16,"Soil",221.08613564639
"DALTON",3,"55_3",1231.19022160768,16,"totalC",1452.27635725407
"DALTON",3,"7_3",1056.63293594607,31.3333333333333,"Overstory",891.654111607007
"DALTON",3,"7_3",1056.63293594607,31.3333333333333,"Understory",133.453793083625
"DALTON",3,"7_3",1056.63293594607,31.3333333333333,"CWD",0.1916979221
"DALTON",3,"7_3",1056.63293594607,31.3333333333333,"Soil",141.175052206108
"DALTON",3,"7_3",1056.63293594607,31.3333333333333,"totalC",1197.80798815217
"DALTON",3,"7_3",1092.29960261273,67,"Overstory",891.654111607007
"DALTON",3,"7_3",1092.29960261273,67,"Understory",133.453793083625
"DALTON",3,"7_3",1092.29960261273,67,"CWD",0.1916979221
"DALTON",3,"7_3",1092.29960261273,67,"Soil",141.175052206108
"DALTON",3,"7_3",1092.29960261273,67,"totalC",1233.47465481884
"DALTON",3,"7_3",1028.29960261273,3,"Overstory",891.654111607007
"DALTON",3,"7_3",1028.29960261273,3,"Understory",133.453793083625
"DALTON",3,"7_3",1028.29960261273,3,"CWD",0.1916979221
"DALTON",3,"7_3",1028.29960261273,3,"Soil",141.175052206108
"DALTON",3,"7_3",1028.29960261273,3,"totalC",1169.47465481884
"DALTON",3,"7_3",1041.29960261273,16,"Overstory",891.654111607007
"DALTON",3,"7_3",1041.29960261273,16,"Understory",133.453793083625
"DALTON",3,"7_3",1041.29960261273,16,"CWD",0.1916979221
"DALTON",3,"7_3",1041.29960261273,16,"Soil",141.175052206108
"DALTON",3,"7_3",1041.29960261273,16,"totalC",1182.47465481884
"DALTON",3,"7_3",1041.9662692794,16.6666666666667,"Overstory",891.654111607007
"DALTON",3,"7_3",1041.9662692794,16.6666666666667,"Understory",133.453793083625
"DALTON",3,"7_3",1041.9662692794,16.6666666666667,"CWD",0.1916979221
"DALTON",3,"7_3",1041.9662692794,16.6666666666667,"Soil",141.175052206108
"DALTON",3,"7_3",1041.9662692794,16.6666666666667,"totalC",1183.14132148551
"DALTON",3,"7_3",1041.29960261273,16,"Overstory",891.654111607007
"DALTON",3,"7_3",1041.29960261273,16,"Understory",133.453793083625
"DALTON",3,"7_3",1041.29960261273,16,"CWD",0.1916979221
"DALTON",3,"7_3",1041.29960261273,16,"Soil",141.175052206108
"DALTON",3,"7_3",1041.29960261273,16,"totalC",1182.47465481884
"STEESE",0,"1_0",4536.27522407037,16,"Overstory",4382.47092854142
"STEESE",0,"1_0",4536.27522407037,16,"Understory",137.504725724448
"STEESE",0,"1_0",4536.27522407037,16,"CWD",0.2995698045
"STEESE",0,"1_0",4536.27522407037,16,"Soil",459.122249097055
"STEESE",0,"1_0",4536.27522407037,16,"totalC",4995.39747316742
"STEESE",0,"31_0",3313.85865389377,16,"Overstory",3085.39696317635
"STEESE",0,"31_0",3313.85865389377,16,"Understory",211.995656230822
"STEESE",0,"31_0",3313.85865389377,16,"CWD",0.4660344866
"STEESE",0,"31_0",3313.85865389377,16,"Soil",2365.33269833281
"STEESE",0,"31_0",3313.85865389377,16,"totalC",5679.19135222659
"STEESE",0,"6_0",7501.55670071967,16,"Overstory",7088.10659022704
"STEESE",0,"6_0",7501.55670071967,16,"Understory",397.251995405732
"STEESE",0,"6_0",7501.55670071967,16,"CWD",0.1981150869
"STEESE",0,"6_0",7501.55670071967,16,"Soil",1001.36209284324
"STEESE",0,"6_0",7501.55670071967,16,"totalC",8502.91879356291
"STEESE",0,"9_0",6294.77614659665,16,"Overstory",5938.00148730997
"STEESE",0,"9_0",6294.77614659665,16,"Understory",340.530125224576
"STEESE",0,"9_0",6294.77614659665,16,"CWD",0.2445340621
"STEESE",0,"9_0",6294.77614659665,16,"Soil",2448.85139790834
"STEESE",0,"9_0",6294.77614659665,16,"totalC",8743.62754450498
"STEESE",1,"18_1",2085.37737795873,52,"Overstory",1956.78165287161
"STEESE",1,"18_1",2085.37737795873,52,"Understory",75.9721293178157
"STEESE",1,"18_1",2085.37737795873,52,"CWD",0.6235957693
"STEESE",1,"18_1",2085.37737795873,52,"Soil",401.499645338771
"STEESE",1,"18_1",2085.37737795873,52,"totalC",2486.8770232975
"STEESE",1,"18_1",2078.37737795873,45,"Overstory",1956.78165287161
"STEESE",1,"18_1",2078.37737795873,45,"Understory",75.9721293178157
"STEESE",1,"18_1",2078.37737795873,45,"CWD",0.6235957693
"STEESE",1,"18_1",2078.37737795873,45,"Soil",401.499645338771
"STEESE",1,"18_1",2078.37737795873,45,"totalC",2479.8770232975
"STEESE",1,"18_1",2116.87737795873,83.5,"Overstory",1956.78165287161
"STEESE",1,"18_1",2116.87737795873,83.5,"Understory",75.9721293178157
"STEESE",1,"18_1",2116.87737795873,83.5,"CWD",0.6235957693
"STEESE",1,"18_1",2116.87737795873,83.5,"Soil",401.499645338771
"STEESE",1,"18_1",2116.87737795873,83.5,"totalC",2518.3770232975
"STEESE",1,"18_1",2112.37737795873,79,"Overstory",1956.78165287161
"STEESE",1,"18_1",2112.37737795873,79,"Understory",75.9721293178157
"STEESE",1,"18_1",2112.37737795873,79,"CWD",0.6235957693
"STEESE",1,"18_1",2112.37737795873,79,"Soil",401.499645338771
"STEESE",1,"18_1",2112.37737795873,79,"totalC",2513.8770232975
"STEESE",1,"20_1",2329.18252748575,52,"Overstory",1666.04994574628
"STEESE",1,"20_1",2329.18252748575,52,"Understory",610.811173181073
"STEESE",1,"20_1",2329.18252748575,52,"CWD",0.3214085584
"STEESE",1,"20_1",2329.18252748575,52,"Soil",1639.3585156415
"STEESE",1,"20_1",2329.18252748575,52,"totalC",3968.54104312725
"STEESE",1,"20_1",2322.18252748575,45,"Overstory",1666.04994574628
"STEESE",1,"20_1",2322.18252748575,45,"Understory",610.811173181073
"STEESE",1,"20_1",2322.18252748575,45,"CWD",0.3214085584
"STEESE",1,"20_1",2322.18252748575,45,"Soil",1639.3585156415
"STEESE",1,"20_1",2322.18252748575,45,"totalC",3961.54104312725
"STEESE",1,"20_1",2360.68252748575,83.5,"Overstory",1666.04994574628
"STEESE",1,"20_1",2360.68252748575,83.5,"Understory",610.811173181073
"STEESE",1,"20_1",2360.68252748575,83.5,"CWD",0.3214085584
"STEESE",1,"20_1",2360.68252748575,83.5,"Soil",1639.3585156415
"STEESE",1,"20_1",2360.68252748575,83.5,"totalC",4000.04104312725
"STEESE",1,"20_1",2356.18252748575,79,"Overstory",1666.04994574628
"STEESE",1,"20_1",2356.18252748575,79,"Understory",610.811173181073
"STEESE",1,"20_1",2356.18252748575,79,"CWD",0.3214085584
"STEESE",1,"20_1",2356.18252748575,79,"Soil",1639.3585156415
"STEESE",1,"20_1",2356.18252748575,79,"totalC",3995.54104312725
"STEESE",1,"28_1",2049.37641413983,52,"Overstory",1186.86074730776
"STEESE",1,"28_1",2049.37641413983,52,"Understory",810.417022286078
"STEESE",1,"28_1",2049.37641413983,52,"CWD",0.09864454599
"STEESE",1,"28_1",2049.37641413983,52,"Soil",587.705112860938
"STEESE",1,"28_1",2049.37641413983,52,"totalC",2637.08152700077
"STEESE",1,"28_1",2042.37641413983,45,"Overstory",1186.86074730776
"STEESE",1,"28_1",2042.37641413983,45,"Understory",810.417022286078
"STEESE",1,"28_1",2042.37641413983,45,"CWD",0.09864454599
"STEESE",1,"28_1",2042.37641413983,45,"Soil",587.705112860938
"STEESE",1,"28_1",2042.37641413983,45,"totalC",2630.08152700077
"STEESE",1,"28_1",2080.87641413983,83.5,"Overstory",1186.86074730776
"STEESE",1,"28_1",2080.87641413983,83.5,"Understory",810.417022286078
"STEESE",1,"28_1",2080.87641413983,83.5,"CWD",0.09864454599
"STEESE",1,"28_1",2080.87641413983,83.5,"Soil",587.705112860938
"STEESE",1,"28_1",2080.87641413983,83.5,"totalC",2668.58152700077
"STEESE",1,"28_1",2076.37641413983,79,"Overstory",1186.86074730776
"STEESE",1,"28_1",2076.37641413983,79,"Understory",810.417022286078
"STEESE",1,"28_1",2076.37641413983,79,"CWD",0.09864454599
"STEESE",1,"28_1",2076.37641413983,79,"Soil",587.705112860938
"STEESE",1,"28_1",2076.37641413983,79,"totalC",2664.08152700077
"STEESE",1,"29_1",863.903604135933,52,"Overstory",367.334964296481
"STEESE",1,"29_1",863.903604135933,52,"Understory",444.017472253752
"STEESE",1,"29_1",863.903604135933,52,"CWD",0.5511675857
"STEESE",1,"29_1",863.903604135933,52,"Soil",502.351060884108
"STEESE",1,"29_1",863.903604135933,52,"totalC",1366.25466502004
"STEESE",1,"29_1",856.903604135933,45,"Overstory",367.334964296481
"STEESE",1,"29_1",856.903604135933,45,"Understory",444.017472253752
"STEESE",1,"29_1",856.903604135933,45,"CWD",0.5511675857
"STEESE",1,"29_1",856.903604135933,45,"Soil",502.351060884108
"STEESE",1,"29_1",856.903604135933,45,"totalC",1359.25466502004
"STEESE",1,"29_1",895.403604135933,83.5,"Overstory",367.334964296481
"STEESE",1,"29_1",895.403604135933,83.5,"Understory",444.017472253752
"STEESE",1,"29_1",895.403604135933,83.5,"CWD",0.5511675857
"STEESE",1,"29_1",895.403604135933,83.5,"Soil",502.351060884108
"STEESE",1,"29_1",895.403604135933,83.5,"totalC",1397.75466502004
"STEESE",1,"29_1",890.903604135933,79,"Overstory",367.334964296481
"STEESE",1,"29_1",890.903604135933,79,"Understory",444.017472253752
"STEESE",1,"29_1",890.903604135933,79,"CWD",0.5511675857
"STEESE",1,"29_1",890.903604135933,79,"Soil",502.351060884108
"STEESE",1,"29_1",890.903604135933,79,"totalC",1393.25466502004
"STEESE",1,"33_1",2643.83358240675,52,"Overstory",2085.68586972772
"STEESE",1,"33_1",2643.83358240675,52,"Understory",505.896891451733
"STEESE",1,"33_1",2643.83358240675,52,"CWD",0.2508212273
"STEESE",1,"33_1",2643.83358240675,52,"Soil",499.684512936628
"STEESE",1,"33_1",2643.83358240675,52,"totalC",3143.51809534338
"STEESE",1,"33_1",2636.83358240675,45,"Overstory",2085.68586972772
"STEESE",1,"33_1",2636.83358240675,45,"Understory",505.896891451733
"STEESE",1,"33_1",2636.83358240675,45,"CWD",0.2508212273
"STEESE",1,"33_1",2636.83358240675,45,"Soil",499.684512936628
"STEESE",1,"33_1",2636.83358240675,45,"totalC",3136.51809534338
"STEESE",1,"33_1",2675.33358240675,83.5,"Overstory",2085.68586972772
"STEESE",1,"33_1",2675.33358240675,83.5,"Understory",505.896891451733
"STEESE",1,"33_1",2675.33358240675,83.5,"CWD",0.2508212273
"STEESE",1,"33_1",2675.33358240675,83.5,"Soil",499.684512936628
"STEESE",1,"33_1",2675.33358240675,83.5,"totalC",3175.01809534338
"STEESE",1,"33_1",2670.83358240675,79,"Overstory",2085.68586972772
"STEESE",1,"33_1",2670.83358240675,79,"Understory",505.896891451733
"STEESE",1,"33_1",2670.83358240675,79,"CWD",0.2508212273
"STEESE",1,"33_1",2670.83358240675,79,"Soil",499.684512936628
"STEESE",1,"33_1",2670.83358240675,79,"totalC",3170.51809534338
"STEESE",1,"36_1",1937.11977051765,52,"Overstory",1802.53853000988
"STEESE",1,"36_1",1937.11977051765,52,"Understory",81.5963393449701
"STEESE",1,"36_1",1937.11977051765,52,"CWD",0.9849011628
"STEESE",1,"36_1",1937.11977051765,52,"Soil",698.508689105067
"STEESE",1,"36_1",1937.11977051765,52,"totalC",2635.62845962272
"STEESE",1,"36_1",1930.11977051765,45,"Overstory",1802.53853000988
"STEESE",1,"36_1",1930.11977051765,45,"Understory",81.5963393449701
"STEESE",1,"36_1",1930.11977051765,45,"CWD",0.9849011628
"STEESE",1,"36_1",1930.11977051765,45,"Soil",698.508689105067
"STEESE",1,"36_1",1930.11977051765,45,"totalC",2628.62845962272
"STEESE",1,"36_1",1968.61977051765,83.5,"Overstory",1802.53853000988
"STEESE",1,"36_1",1968.61977051765,83.5,"Understory",81.5963393449701
"STEESE",1,"36_1",1968.61977051765,83.5,"CWD",0.9849011628
"STEESE",1,"36_1",1968.61977051765,83.5,"Soil",698.508689105067
"STEESE",1,"36_1",1968.61977051765,83.5,"totalC",2667.12845962272
"STEESE",1,"36_1",1964.11977051765,79,"Overstory",1802.53853000988
"STEESE",1,"36_1",1964.11977051765,79,"Understory",81.5963393449701
"STEESE",1,"36_1",1964.11977051765,79,"CWD",0.9849011628
"STEESE",1,"36_1",1964.11977051765,79,"Soil",698.508689105067
"STEESE",1,"36_1",1964.11977051765,79,"totalC",2662.62845962272
"STEESE",1,"5_1",1684.0627602598,52,"Overstory",858.5270603244
"STEESE",1,"5_1",1684.0627602598,52,"Understory",773.239034264099
"STEESE",1,"5_1",1684.0627602598,52,"CWD",0.2966656713
"STEESE",1,"5_1",1684.0627602598,52,"Soil",795.601790792215
"STEESE",1,"5_1",1684.0627602598,52,"totalC",2479.66455105201
"STEESE",1,"5_1",1677.0627602598,45,"Overstory",858.5270603244
"STEESE",1,"5_1",1677.0627602598,45,"Understory",773.239034264099
"STEESE",1,"5_1",1677.0627602598,45,"CWD",0.2966656713
"STEESE",1,"5_1",1677.0627602598,45,"Soil",795.601790792215
"STEESE",1,"5_1",1677.0627602598,45,"totalC",2472.66455105201
"STEESE",1,"5_1",1715.5627602598,83.5,"Overstory",858.5270603244
"STEESE",1,"5_1",1715.5627602598,83.5,"Understory",773.239034264099
"STEESE",1,"5_1",1715.5627602598,83.5,"CWD",0.2966656713
"STEESE",1,"5_1",1715.5627602598,83.5,"Soil",795.601790792215
"STEESE",1,"5_1",1715.5627602598,83.5,"totalC",2511.16455105201
"STEESE",1,"5_1",1711.0627602598,79,"Overstory",858.5270603244
"STEESE",1,"5_1",1711.0627602598,79,"Understory",773.239034264099
"STEESE",1,"5_1",1711.0627602598,79,"CWD",0.2966656713
"STEESE",1,"5_1",1711.0627602598,79,"Soil",795.601790792215
"STEESE",1,"5_1",1711.0627602598,79,"totalC",2506.66455105201
"STEESE",2,"19_2",1997.97467717027,49.3333333333333,"Overstory",869.387695680632
"STEESE",2,"19_2",1997.97467717027,49.3333333333333,"Understory",1078.9479611843
"STEESE",2,"19_2",1997.97467717027,49.3333333333333,"CWD",0.305686972
"STEESE",2,"19_2",1997.97467717027,49.3333333333333,"Soil",1159.26269563006
"STEESE",2,"19_2",1997.97467717027,49.3333333333333,"totalC",3157.23737280033
"STEESE",2,"19_2",2060.64134383693,112,"Overstory",869.387695680632
"STEESE",2,"19_2",2060.64134383693,112,"Understory",1078.9479611843
"STEESE",2,"19_2",2060.64134383693,112,"CWD",0.305686972
"STEESE",2,"19_2",2060.64134383693,112,"Soil",1159.26269563006
"STEESE",2,"19_2",2060.64134383693,112,"totalC",3219.90403946699
"STEESE",2,"19_2",1969.64134383693,21,"Overstory",869.387695680632
"STEESE",2,"19_2",1969.64134383693,21,"Understory",1078.9479611843
"STEESE",2,"19_2",1969.64134383693,21,"CWD",0.305686972
"STEESE",2,"19_2",1969.64134383693,21,"Soil",1159.26269563006
"STEESE",2,"19_2",1969.64134383693,21,"totalC",3128.90403946699
"STEESE",2,"19_2",1978.64134383693,30,"Overstory",869.387695680632
"STEESE",2,"19_2",1978.64134383693,30,"Understory",1078.9479611843
"STEESE",2,"19_2",1978.64134383693,30,"CWD",0.305686972
"STEESE",2,"19_2",1978.64134383693,30,"Soil",1159.26269563006
"STEESE",2,"19_2",1978.64134383693,30,"totalC",3137.90403946699
"STEESE",2,"19_2",1964.64134383693,16,"Overstory",869.387695680632
"STEESE",2,"19_2",1964.64134383693,16,"Understory",1078.9479611843
"STEESE",2,"19_2",1964.64134383693,16,"CWD",0.305686972
"STEESE",2,"19_2",1964.64134383693,16,"Soil",1159.26269563006
"STEESE",2,"19_2",1964.64134383693,16,"totalC",3123.90403946699
"STEESE",2,"26_2",2932.9026489645,49.3333333333333,"Overstory",367.545526202145
"STEESE",2,"26_2",2932.9026489645,49.3333333333333,"Understory",2515.85861510642
"STEESE",2,"26_2",2932.9026489645,49.3333333333333,"CWD",0.1651743226
"STEESE",2,"26_2",2932.9026489645,49.3333333333333,"Soil",478.604221302357
"STEESE",2,"26_2",2932.9026489645,49.3333333333333,"totalC",3411.50687026686
"STEESE",2,"26_2",2995.56931563116,112,"Overstory",367.545526202145
"STEESE",2,"26_2",2995.56931563116,112,"Understory",2515.85861510642
"STEESE",2,"26_2",2995.56931563116,112,"CWD",0.1651743226
"STEESE",2,"26_2",2995.56931563116,112,"Soil",478.604221302357
"STEESE",2,"26_2",2995.56931563116,112,"totalC",3474.17353693352
"STEESE",2,"26_2",2904.56931563116,21,"Overstory",367.545526202145
"STEESE",2,"26_2",2904.56931563116,21,"Understory",2515.85861510642
"STEESE",2,"26_2",2904.56931563116,21,"CWD",0.1651743226
"STEESE",2,"26_2",2904.56931563116,21,"Soil",478.604221302357
"STEESE",2,"26_2",2904.56931563116,21,"totalC",3383.17353693352
"STEESE",2,"26_2",2913.56931563116,30,"Overstory",367.545526202145
"STEESE",2,"26_2",2913.56931563116,30,"Understory",2515.85861510642
"STEESE",2,"26_2",2913.56931563116,30,"CWD",0.1651743226
"STEESE",2,"26_2",2913.56931563116,30,"Soil",478.604221302357
"STEESE",2,"26_2",2913.56931563116,30,"totalC",3392.17353693352
"STEESE",2,"26_2",2899.56931563116,16,"Overstory",367.545526202145
"STEESE",2,"26_2",2899.56931563116,16,"Understory",2515.85861510642
"STEESE",2,"26_2",2899.56931563116,16,"CWD",0.1651743226
"STEESE",2,"26_2",2899.56931563116,16,"Soil",478.604221302357
"STEESE",2,"26_2",2899.56931563116,16,"totalC",3378.17353693352
"STEESE",2,"27_2",2366.8983956044,49.3333333333333,"Overstory",843.283899825418
"STEESE",2,"27_2",2366.8983956044,49.3333333333333,"Understory",1474.05895101575
"STEESE",2,"27_2",2366.8983956044,49.3333333333333,"CWD",0.2222114299
"STEESE",2,"27_2",2366.8983956044,49.3333333333333,"Soil",701.123495641136
"STEESE",2,"27_2",2366.8983956044,49.3333333333333,"totalC",3068.02189124554
"STEESE",2,"27_2",2429.56506227107,112,"Overstory",843.283899825418
"STEESE",2,"27_2",2429.56506227107,112,"Understory",1474.05895101575
"STEESE",2,"27_2",2429.56506227107,112,"CWD",0.2222114299
"STEESE",2,"27_2",2429.56506227107,112,"Soil",701.123495641136
"STEESE",2,"27_2",2429.56506227107,112,"totalC",3130.6885579122
"STEESE",2,"27_2",2338.56506227107,21,"Overstory",843.283899825418
"STEESE",2,"27_2",2338.56506227107,21,"Understory",1474.05895101575
"STEESE",2,"27_2",2338.56506227107,21,"CWD",0.2222114299
"STEESE",2,"27_2",2338.56506227107,21,"Soil",701.123495641136
"STEESE",2,"27_2",2338.56506227107,21,"totalC",3039.6885579122
"STEESE",2,"27_2",2347.56506227107,30,"Overstory",843.283899825418
"STEESE",2,"27_2",2347.56506227107,30,"Understory",1474.05895101575
"STEESE",2,"27_2",2347.56506227107,30,"CWD",0.2222114299
"STEESE",2,"27_2",2347.56506227107,30,"Soil",701.123495641136
"STEESE",2,"27_2",2347.56506227107,30,"totalC",3048.6885579122
"STEESE",2,"27_2",2333.56506227107,16,"Overstory",843.283899825418
"STEESE",2,"27_2",2333.56506227107,16,"Understory",1474.05895101575
"STEESE",2,"27_2",2333.56506227107,16,"CWD",0.2222114299
"STEESE",2,"27_2",2333.56506227107,16,"Soil",701.123495641136
"STEESE",2,"27_2",2333.56506227107,16,"totalC",3034.6885579122
"STEESE",2,"3_2",2671.21985658434,49.3333333333333,"Overstory",509.548771028528
"STEESE",2,"3_2",2671.21985658434,49.3333333333333,"Understory",2112.21299357278
"STEESE",2,"3_2",2671.21985658434,49.3333333333333,"CWD",0.1247586497
"STEESE",2,"3_2",2671.21985658434,49.3333333333333,"Soil",821.783863090578
"STEESE",2,"3_2",2671.21985658434,49.3333333333333,"totalC",3493.00371967492
"STEESE",2,"3_2",2733.88652325101,112,"Overstory",509.548771028528
"STEESE",2,"3_2",2733.88652325101,112,"Understory",2112.21299357278
"STEESE",2,"3_2",2733.88652325101,112,"CWD",0.1247586497
"STEESE",2,"3_2",2733.88652325101,112,"Soil",821.783863090578
"STEESE",2,"3_2",2733.88652325101,112,"totalC",3555.67038634159
"STEESE",2,"3_2",2642.88652325101,21,"Overstory",509.548771028528
"STEESE",2,"3_2",2642.88652325101,21,"Understory",2112.21299357278
"STEESE",2,"3_2",2642.88652325101,21,"CWD",0.1247586497
"STEESE",2,"3_2",2642.88652325101,21,"Soil",821.783863090578
"STEESE",2,"3_2",2642.88652325101,21,"totalC",3464.67038634159
"STEESE",2,"3_2",2651.88652325101,30,"Overstory",509.548771028528
"STEESE",2,"3_2",2651.88652325101,30,"Understory",2112.21299357278
"STEESE",2,"3_2",2651.88652325101,30,"CWD",0.1247586497
"STEESE",2,"3_2",2651.88652325101,30,"Soil",821.783863090578
"STEESE",2,"3_2",2651.88652325101,30,"totalC",3473.67038634159
"STEESE",2,"3_2",2637.88652325101,16,"Overstory",509.548771028528
"STEESE",2,"3_2",2637.88652325101,16,"Understory",2112.21299357278
"STEESE",2,"3_2",2637.88652325101,16,"CWD",0.1247586497
"STEESE",2,"3_2",2637.88652325101,16,"Soil",821.783863090578
"STEESE",2,"3_2",2637.88652325101,16,"totalC",3459.67038634159
"STEESE",2,"34_2",2174.12335678996,49.3333333333333,"Overstory",564.67243796193
"STEESE",2,"34_2",2174.12335678996,49.3333333333333,"Understory",1560
"STEESE",2,"34_2",2174.12335678996,49.3333333333333,"CWD",0.1175854947
"STEESE",2,"34_2",2174.12335678996,49.3333333333333,"Soil",333.057795449381
"STEESE",2,"34_2",2174.12335678996,49.3333333333333,"totalC",2507.18115223934
"STEESE",2,"34_2",2236.79002345663,112,"Overstory",564.67243796193
"STEESE",2,"34_2",2236.79002345663,112,"Understory",1560
"STEESE",2,"34_2",2236.79002345663,112,"CWD",0.1175854947
"STEESE",2,"34_2",2236.79002345663,112,"Soil",333.057795449381
"STEESE",2,"34_2",2236.79002345663,112,"totalC",2569.84781890601
"STEESE",2,"34_2",2145.79002345663,21,"Overstory",564.67243796193
"STEESE",2,"34_2",2145.79002345663,21,"Understory",1560
"STEESE",2,"34_2",2145.79002345663,21,"CWD",0.1175854947
"STEESE",2,"34_2",2145.79002345663,21,"Soil",333.057795449381
"STEESE",2,"34_2",2145.79002345663,21,"totalC",2478.84781890601
"STEESE",2,"34_2",2154.79002345663,30,"Overstory",564.67243796193
"STEESE",2,"34_2",2154.79002345663,30,"Understory",1560
"STEESE",2,"34_2",2154.79002345663,30,"CWD",0.1175854947
"STEESE",2,"34_2",2154.79002345663,30,"Soil",333.057795449381
"STEESE",2,"34_2",2154.79002345663,30,"totalC",2487.84781890601
"STEESE",2,"34_2",2140.79002345663,16,"Overstory",564.67243796193
"STEESE",2,"34_2",2140.79002345663,16,"Understory",1560
"STEESE",2,"34_2",2140.79002345663,16,"CWD",0.1175854947
"STEESE",2,"34_2",2140.79002345663,16,"Soil",333.057795449381
"STEESE",2,"34_2",2140.79002345663,16,"totalC",2473.84781890601
"STEESE",2,"4_2",1261.2722561541,49.3333333333333,"Overstory",593.13201775939
"STEESE",2,"4_2",1261.2722561541,49.3333333333333,"Understory",618.672301968281
"STEESE",2,"4_2",1261.2722561541,49.3333333333333,"CWD",0.1346030931
"STEESE",2,"4_2",1261.2722561541,49.3333333333333,"Soil",1221.66269417737
"STEESE",2,"4_2",1261.2722561541,49.3333333333333,"totalC",2482.93495033148
"STEESE",2,"4_2",1323.93892282077,112,"Overstory",593.13201775939
"STEESE",2,"4_2",1323.93892282077,112,"Understory",618.672301968281
"STEESE",2,"4_2",1323.93892282077,112,"CWD",0.1346030931
"STEESE",2,"4_2",1323.93892282077,112,"Soil",1221.66269417737
"STEESE",2,"4_2",1323.93892282077,112,"totalC",2545.60161699814
"STEESE",2,"4_2",1232.93892282077,21,"Overstory",593.13201775939
"STEESE",2,"4_2",1232.93892282077,21,"Understory",618.672301968281
"STEESE",2,"4_2",1232.93892282077,21,"CWD",0.1346030931
"STEESE",2,"4_2",1232.93892282077,21,"Soil",1221.66269417737
"STEESE",2,"4_2",1232.93892282077,21,"totalC",2454.60161699814
"STEESE",2,"4_2",1241.93892282077,30,"Overstory",593.13201775939
"STEESE",2,"4_2",1241.93892282077,30,"Understory",618.672301968281
"STEESE",2,"4_2",1241.93892282077,30,"CWD",0.1346030931
"STEESE",2,"4_2",1241.93892282077,30,"Soil",1221.66269417737
"STEESE",2,"4_2",1241.93892282077,30,"totalC",2463.60161699814
"STEESE",2,"4_2",1227.93892282077,16,"Overstory",593.13201775939
"STEESE",2,"4_2",1227.93892282077,16,"Understory",618.672301968281
"STEESE",2,"4_2",1227.93892282077,16,"CWD",0.1346030931
"STEESE",2,"4_2",1227.93892282077,16,"Soil",1221.66269417737
"STEESE",2,"4_2",1227.93892282077,16,"totalC",2449.60161699814
"STEESE",3,"17_3",698.951039686576,31.3333333333333,"Overstory",392.71735321864
"STEESE",3,"17_3",698.951039686576,31.3333333333333,"Understory",274.709787495503
"STEESE",3,"17_3",698.951039686576,31.3333333333333,"CWD",0.1905656391
"STEESE",3,"17_3",698.951039686576,31.3333333333333,"Soil",462.47347498867
"STEESE",3,"17_3",698.951039686576,31.3333333333333,"totalC",1161.42451467525
"STEESE",3,"17_3",734.617706353243,67,"Overstory",392.71735321864
"STEESE",3,"17_3",734.617706353243,67,"Understory",274.709787495503
"STEESE",3,"17_3",734.617706353243,67,"CWD",0.1905656391
"STEESE",3,"17_3",734.617706353243,67,"Soil",462.47347498867
"STEESE",3,"17_3",734.617706353243,67,"totalC",1197.09118134191
"STEESE",3,"17_3",670.617706353243,3,"Overstory",392.71735321864
"STEESE",3,"17_3",670.617706353243,3,"Understory",274.709787495503
"STEESE",3,"17_3",670.617706353243,3,"CWD",0.1905656391
"STEESE",3,"17_3",670.617706353243,3,"Soil",462.47347498867
"STEESE",3,"17_3",670.617706353243,3,"totalC",1133.09118134191
"STEESE",3,"17_3",683.617706353243,16,"Overstory",392.71735321864
"STEESE",3,"17_3",683.617706353243,16,"Understory",274.709787495503
"STEESE",3,"17_3",683.617706353243,16,"CWD",0.1905656391
"STEESE",3,"17_3",683.617706353243,16,"Soil",462.47347498867
"STEESE",3,"17_3",683.617706353243,16,"totalC",1146.09118134191
"STEESE",3,"17_3",684.28437301991,16.6666666666667,"Overstory",392.71735321864
"STEESE",3,"17_3",684.28437301991,16.6666666666667,"Understory",274.709787495503
"STEESE",3,"17_3",684.28437301991,16.6666666666667,"CWD",0.1905656391
"STEESE",3,"17_3",684.28437301991,16.6666666666667,"Soil",462.47347498867
"STEESE",3,"17_3",684.28437301991,16.6666666666667,"totalC",1146.75784800858
"STEESE",3,"17_3",683.617706353243,16,"Overstory",392.71735321864
"STEESE",3,"17_3",683.617706353243,16,"Understory",274.709787495503
"STEESE",3,"17_3",683.617706353243,16,"CWD",0.1905656391
"STEESE",3,"17_3",683.617706353243,16,"Soil",462.47347498867
"STEESE",3,"17_3",683.617706353243,16,"totalC",1146.09118134191
"STEESE",3,"2_3",542.677499139996,31.3333333333333,"Overstory",490.362020033862
"STEESE",3,"2_3",542.677499139996,31.3333333333333,"Understory",20.8432539088004
"STEESE",3,"2_3",542.677499139996,31.3333333333333,"CWD",0.138891864
"STEESE",3,"2_3",542.677499139996,31.3333333333333,"Soil",215.955643088342
"STEESE",3,"2_3",542.677499139996,31.3333333333333,"totalC",758.633142228338
"STEESE",3,"2_3",578.344165806662,67,"Overstory",490.362020033862
"STEESE",3,"2_3",578.344165806662,67,"Understory",20.8432539088004
"STEESE",3,"2_3",578.344165806662,67,"CWD",0.138891864
"STEESE",3,"2_3",578.344165806662,67,"Soil",215.955643088342
"STEESE",3,"2_3",578.344165806662,67,"totalC",794.299808895005
"STEESE",3,"2_3",514.344165806662,3,"Overstory",490.362020033862
"STEESE",3,"2_3",514.344165806662,3,"Understory",20.8432539088004
"STEESE",3,"2_3",514.344165806662,3,"CWD",0.138891864
"STEESE",3,"2_3",514.344165806662,3,"Soil",215.955643088342
"STEESE",3,"2_3",514.344165806662,3,"totalC",730.299808895005
"STEESE",3,"2_3",527.344165806662,16,"Overstory",490.362020033862
"STEESE",3,"2_3",527.344165806662,16,"Understory",20.8432539088004
"STEESE",3,"2_3",527.344165806662,16,"CWD",0.138891864
"STEESE",3,"2_3",527.344165806662,16,"Soil",215.955643088342
"STEESE",3,"2_3",527.344165806662,16,"totalC",743.299808895005
"STEESE",3,"2_3",528.010832473329,16.6666666666667,"Overstory",490.362020033862
"STEESE",3,"2_3",528.010832473329,16.6666666666667,"Understory",20.8432539088004
"STEESE",3,"2_3",528.010832473329,16.6666666666667,"CWD",0.138891864
"STEESE",3,"2_3",528.010832473329,16.6666666666667,"Soil",215.955643088342
"STEESE",3,"2_3",528.010832473329,16.6666666666667,"totalC",743.966475561671
"STEESE",3,"2_3",527.344165806662,16,"Overstory",490.362020033862
"STEESE",3,"2_3",527.344165806662,16,"Understory",20.8432539088004
"STEESE",3,"2_3",527.344165806662,16,"CWD",0.138891864
"STEESE",3,"2_3",527.344165806662,16,"Soil",215.955643088342
"STEESE",3,"2_3",527.344165806662,16,"totalC",743.299808895005
"STEESE",3,"22_3",710.099968337091,31.3333333333333,"Overstory",402.244764583418
"STEESE",3,"22_3",710.099968337091,31.3333333333333,"Understory",276.33663075444
"STEESE",3,"22_3",710.099968337091,31.3333333333333,"CWD",0.1852396659
"STEESE",3,"22_3",710.099968337091,31.3333333333333,"Soil",745.752598689115
"STEESE",3,"22_3",710.099968337091,31.3333333333333,"totalC",1455.85256702621
"STEESE",3,"22_3",745.766635003758,67,"Overstory",402.244764583418
"STEESE",3,"22_3",745.766635003758,67,"Understory",276.33663075444
"STEESE",3,"22_3",745.766635003758,67,"CWD",0.1852396659
"STEESE",3,"22_3",745.766635003758,67,"Soil",745.752598689115
"STEESE",3,"22_3",745.766635003758,67,"totalC",1491.51923369287
"STEESE",3,"22_3",681.766635003758,3,"Overstory",402.244764583418
"STEESE",3,"22_3",681.766635003758,3,"Understory",276.33663075444
"STEESE",3,"22_3",681.766635003758,3,"CWD",0.1852396659
"STEESE",3,"22_3",681.766635003758,3,"Soil",745.752598689115
"STEESE",3,"22_3",681.766635003758,3,"totalC",1427.51923369287
"STEESE",3,"22_3",694.766635003758,16,"Overstory",402.244764583418
"STEESE",3,"22_3",694.766635003758,16,"Understory",276.33663075444
"STEESE",3,"22_3",694.766635003758,16,"CWD",0.1852396659
"STEESE",3,"22_3",694.766635003758,16,"Soil",745.752598689115
"STEESE",3,"22_3",694.766635003758,16,"totalC",1440.51923369287
"STEESE",3,"22_3",695.433301670425,16.6666666666667,"Overstory",402.244764583418
"STEESE",3,"22_3",695.433301670425,16.6666666666667,"Understory",276.33663075444
"STEESE",3,"22_3",695.433301670425,16.6666666666667,"CWD",0.1852396659
"STEESE",3,"22_3",695.433301670425,16.6666666666667,"Soil",745.752598689115
"STEESE",3,"22_3",695.433301670425,16.6666666666667,"totalC",1441.18590035954
"STEESE",3,"22_3",694.766635003758,16,"Overstory",402.244764583418
"STEESE",3,"22_3",694.766635003758,16,"Understory",276.33663075444
"STEESE",3,"22_3",694.766635003758,16,"CWD",0.1852396659
"STEESE",3,"22_3",694.766635003758,16,"Soil",745.752598689115
"STEESE",3,"22_3",694.766635003758,16,"totalC",1440.51923369287
"STEESE",3,"23_3",394.285641493323,31.3333333333333,"Overstory",177.594829045683
"STEESE",3,"23_3",394.285641493323,31.3333333333333,"Understory",185.283725116927
"STEESE",3,"23_3",394.285641493323,31.3333333333333,"CWD",0.07375399738
"STEESE",3,"23_3",394.285641493323,31.3333333333333,"Soil",254.412978866394
"STEESE",3,"23_3",394.285641493323,31.3333333333333,"totalC",648.698620359718
"STEESE",3,"23_3",429.95230815999,67,"Overstory",177.594829045683
"STEESE",3,"23_3",429.95230815999,67,"Understory",185.283725116927
"STEESE",3,"23_3",429.95230815999,67,"CWD",0.07375399738
"STEESE",3,"23_3",429.95230815999,67,"Soil",254.412978866394
"STEESE",3,"23_3",429.95230815999,67,"totalC",684.365287026384
"STEESE",3,"23_3",365.95230815999,3,"Overstory",177.594829045683
"STEESE",3,"23_3",365.95230815999,3,"Understory",185.283725116927
"STEESE",3,"23_3",365.95230815999,3,"CWD",0.07375399738
"STEESE",3,"23_3",365.95230815999,3,"Soil",254.412978866394
"STEESE",3,"23_3",365.95230815999,3,"totalC",620.365287026384
"STEESE",3,"23_3",378.95230815999,16,"Overstory",177.594829045683
"STEESE",3,"23_3",378.95230815999,16,"Understory",185.283725116927
"STEESE",3,"23_3",378.95230815999,16,"CWD",0.07375399738
"STEESE",3,"23_3",378.95230815999,16,"Soil",254.412978866394
"STEESE",3,"23_3",378.95230815999,16,"totalC",633.365287026384
"STEESE",3,"23_3",379.618974826657,16.6666666666667,"Overstory",177.594829045683
"STEESE",3,"23_3",379.618974826657,16.6666666666667,"Understory",185.283725116927
"STEESE",3,"23_3",379.618974826657,16.6666666666667,"CWD",0.07375399738
"STEESE",3,"23_3",379.618974826657,16.6666666666667,"Soil",254.412978866394
"STEESE",3,"23_3",379.618974826657,16.6666666666667,"totalC",634.031953693051
"STEESE",3,"23_3",378.95230815999,16,"Overstory",177.594829045683
"STEESE",3,"23_3",378.95230815999,16,"Understory",185.283725116927
"STEESE",3,"23_3",378.95230815999,16,"CWD",0.07375399738
"STEESE",3,"23_3",378.95230815999,16,"Soil",254.412978866394
"STEESE",3,"23_3",378.95230815999,16,"totalC",633.365287026384
"STEESE",3,"24_3",1199.91914250587,31.3333333333333,"Overstory",988.20999947171
"STEESE",3,"24_3",1199.91914250587,31.3333333333333,"Understory",180.346633631241
"STEESE",3,"24_3",1199.91914250587,31.3333333333333,"CWD",0.02917606959
"STEESE",3,"24_3",1199.91914250587,31.3333333333333,"Soil",226.746464911607
"STEESE",3,"24_3",1199.91914250587,31.3333333333333,"totalC",1426.66560741748
"STEESE",3,"24_3",1235.58580917254,67,"Overstory",988.20999947171
"STEESE",3,"24_3",1235.58580917254,67,"Understory",180.346633631241
"STEESE",3,"24_3",1235.58580917254,67,"CWD",0.02917606959
"STEESE",3,"24_3",1235.58580917254,67,"Soil",226.746464911607
"STEESE",3,"24_3",1235.58580917254,67,"totalC",1462.33227408415
"STEESE",3,"24_3",1171.58580917254,3,"Overstory",988.20999947171
"STEESE",3,"24_3",1171.58580917254,3,"Understory",180.346633631241
"STEESE",3,"24_3",1171.58580917254,3,"CWD",0.02917606959
"STEESE",3,"24_3",1171.58580917254,3,"Soil",226.746464911607
"STEESE",3,"24_3",1171.58580917254,3,"totalC",1398.33227408415
"STEESE",3,"24_3",1184.58580917254,16,"Overstory",988.20999947171
"STEESE",3,"24_3",1184.58580917254,16,"Understory",180.346633631241
"STEESE",3,"24_3",1184.58580917254,16,"CWD",0.02917606959
"STEESE",3,"24_3",1184.58580917254,16,"Soil",226.746464911607
"STEESE",3,"24_3",1184.58580917254,16,"totalC",1411.33227408415
"STEESE",3,"24_3",1185.25247583921,16.6666666666667,"Overstory",988.20999947171
"STEESE",3,"24_3",1185.25247583921,16.6666666666667,"Understory",180.346633631241
"STEESE",3,"24_3",1185.25247583921,16.6666666666667,"CWD",0.02917606959
"STEESE",3,"24_3",1185.25247583921,16.6666666666667,"Soil",226.746464911607
"STEESE",3,"24_3",1185.25247583921,16.6666666666667,"totalC",1411.99894075081
"STEESE",3,"24_3",1184.58580917254,16,"Overstory",988.20999947171
"STEESE",3,"24_3",1184.58580917254,16,"Understory",180.346633631241
"STEESE",3,"24_3",1184.58580917254,16,"CWD",0.02917606959
"STEESE",3,"24_3",1184.58580917254,16,"Soil",226.746464911607
"STEESE",3,"24_3",1184.58580917254,16,"totalC",1411.33227408415
"STEESE",3,"25_3",NA,31.3333333333333,"Overstory",276.092578892766
"STEESE",3,"25_3",NA,31.3333333333333,"Understory",NA
"STEESE",3,"25_3",NA,31.3333333333333,"CWD",0.06143527101
"STEESE",3,"25_3",NA,31.3333333333333,"Soil",389.498887004437
"STEESE",3,"25_3",NA,31.3333333333333,"totalC",NA
"STEESE",3,"25_3",NA,67,"Overstory",276.092578892766
"STEESE",3,"25_3",NA,67,"Understory",NA
"STEESE",3,"25_3",NA,67,"CWD",0.06143527101
"STEESE",3,"25_3",NA,67,"Soil",389.498887004437
"STEESE",3,"25_3",NA,67,"totalC",NA
"STEESE",3,"25_3",NA,3,"Overstory",276.092578892766
"STEESE",3,"25_3",NA,3,"Understory",NA
"STEESE",3,"25_3",NA,3,"CWD",0.06143527101
"STEESE",3,"25_3",NA,3,"Soil",389.498887004437
"STEESE",3,"25_3",NA,3,"totalC",NA
"STEESE",3,"25_3",NA,16,"Overstory",276.092578892766
"STEESE",3,"25_3",NA,16,"Understory",NA
"STEESE",3,"25_3",NA,16,"CWD",0.06143527101
"STEESE",3,"25_3",NA,16,"Soil",389.498887004437
"STEESE",3,"25_3",NA,16,"totalC",NA
"STEESE",3,"25_3",NA,16.6666666666667,"Overstory",276.092578892766
"STEESE",3,"25_3",NA,16.6666666666667,"Understory",NA
"STEESE",3,"25_3",NA,16.6666666666667,"CWD",0.06143527101
"STEESE",3,"25_3",NA,16.6666666666667,"Soil",389.498887004437
"STEESE",3,"25_3",NA,16.6666666666667,"totalC",NA
"STEESE",3,"25_3",NA,16,"Overstory",276.092578892766
"STEESE",3,"25_3",NA,16,"Understory",NA
"STEESE",3,"25_3",NA,16,"CWD",0.06143527101
"STEESE",3,"25_3",NA,16,"Soil",389.498887004437
"STEESE",3,"25_3",NA,16,"totalC",NA
"STEESE",3,"35_3",466.785023426398,31.3333333333333,"Overstory",394.528980843663
"STEESE",3,"35_3",466.785023426398,31.3333333333333,"Understory",40.8473610574115
"STEESE",3,"35_3",466.785023426398,31.3333333333333,"CWD",0.07534819199
"STEESE",3,"35_3",466.785023426398,31.3333333333333,"Soil",265.47059528448
"STEESE",3,"35_3",466.785023426398,31.3333333333333,"totalC",732.255618710878
"STEESE",3,"35_3",502.451690093064,67,"Overstory",394.528980843663
"STEESE",3,"35_3",502.451690093064,67,"Understory",40.8473610574115
"STEESE",3,"35_3",502.451690093064,67,"CWD",0.07534819199
"STEESE",3,"35_3",502.451690093064,67,"Soil",265.47059528448
"STEESE",3,"35_3",502.451690093064,67,"totalC",767.922285377545
"STEESE",3,"35_3",438.451690093064,3,"Overstory",394.528980843663
"STEESE",3,"35_3",438.451690093064,3,"Understory",40.8473610574115
"STEESE",3,"35_3",438.451690093064,3,"CWD",0.07534819199
"STEESE",3,"35_3",438.451690093064,3,"Soil",265.47059528448
"STEESE",3,"35_3",438.451690093064,3,"totalC",703.922285377545
"STEESE",3,"35_3",451.451690093064,16,"Overstory",394.528980843663
"STEESE",3,"35_3",451.451690093064,16,"Understory",40.8473610574115
"STEESE",3,"35_3",451.451690093064,16,"CWD",0.07534819199
"STEESE",3,"35_3",451.451690093064,16,"Soil",265.47059528448
"STEESE",3,"35_3",451.451690093064,16,"totalC",716.922285377545
"STEESE",3,"35_3",452.118356759731,16.6666666666667,"Overstory",394.528980843663
"STEESE",3,"35_3",452.118356759731,16.6666666666667,"Understory",40.8473610574115
"STEESE",3,"35_3",452.118356759731,16.6666666666667,"CWD",0.07534819199
"STEESE",3,"35_3",452.118356759731,16.6666666666667,"Soil",265.47059528448
"STEESE",3,"35_3",452.118356759731,16.6666666666667,"totalC",717.588952044212
"STEESE",3,"35_3",451.451690093064,16,"Overstory",394.528980843663
"STEESE",3,"35_3",451.451690093064,16,"Understory",40.8473610574115
"STEESE",3,"35_3",451.451690093064,16,"CWD",0.07534819199
"STEESE",3,"35_3",451.451690093064,16,"Soil",265.47059528448
"STEESE",3,"35_3",451.451690093064,16,"totalC",716.922285377545
